{
    "batch_size": 64,
    "learning_rate": [
        0.0010000000474974513,
        0.0010000000474974513,
        0.0010000000474974513,
        0.0010000000474974513,
        0.0010000000474974513,
        0.0010000000474974513,
        0.0010000000474974513,
        0.0010000000474974513,
        0.0010000000474974513
    ],
    "nb_epoch": 30,
    "optimizer": {
        "beta_1": 0.8999999761581421,
        "beta_2": 0.9990000128746033,
        "decay": 0.0,
        "epsilon": 1e-08,
        "lr": 0.0010000000474974513
    },
    "test_loss": [
        [
            NaN,
            0.7315263157894737
        ],
        [
            NaN,
            0.7315263157894737
        ],
        [
            NaN,
            0.7315263157894737
        ],
        [
            NaN,
            0.7315263157894737
        ],
        [
            NaN,
            0.7315263157894737
        ],
        [
            NaN,
            0.7315263157894737
        ],
        [
            NaN,
            0.7315263157894737
        ],
        [
            NaN,
            0.7315263157894737
        ],
        [
            NaN,
            0.7315263157894737
        ]
    ],
    "train_loss": [
        [
            NaN,
            0.7796547412872314
        ],
        [
            NaN,
            0.7796547412872314
        ],
        [
            NaN,
            0.7796547412872314
        ],
        [
            NaN,
            0.7796547412872314
        ],
        [
            NaN,
            0.7796547412872314
        ],
        [
            NaN,
            0.7796547412872314
        ],
        [
            NaN,
            0.7796547412872314
        ],
        [
            NaN,
            0.7796547412872314
        ],
        [
            NaN,
            0.7796547412872314
        ]
    ]
}